#,Event,Date,Country,Location,Venue,Attendance
563,UFC 262: Oliveira vs. Chandler,2021-05-15,USA,"Houston, Texas",Toyota Center,"16,005"
562,UFC on ESPN: Rodriguez vs. Waterson,2021-05-08,USA,"Las Vegas, Nevada",UFC Apex,0
561,UFC on ESPN: Reyes vs. Procházka,2021-05-01,USA,"Las Vegas, Nevada",UFC Apex,0
560,UFC 261: Usman vs. Masvidal 2,2021-04-24,USA,"Jacksonville, Florida",VyStar Veterans Memorial Arena,"15,269"
559,UFC on ESPN: Whittaker vs. Gastelum,2021-04-17,USA,"Las Vegas, Nevada",UFC Apex,0
558,UFC on ABC: Vettori vs. Holland,2021-04-10,USA,"Las Vegas, Nevada",UFC Apex,0
557,UFC 260: Miocic vs. Ngannou 2,2021-03-27,USA,"Las Vegas, Nevada",UFC Apex,0
556,UFC on ESPN: Brunson vs. Holland,2021-03-20,USA,"Las Vegas, Nevada",UFC Apex,0
555,UFC Fight Night: Edwards vs. Muhammad,2021-03-13,USA,"Las Vegas, Nevada",UFC Apex,0
554,UFC 259: Błachowicz vs. Adesanya,2021-03-06,USA,"Las Vegas, Nevada",UFC Apex,0
553,UFC Fight Night: Rozenstruik vs. Gane,2021-02-27,USA,"Las Vegas, Nevada",UFC Apex,0
552,UFC Fight Night: Blaydes vs. Lewis,2021-02-20,USA,"Las Vegas, Nevada",UFC Apex,0
551,UFC 258: Usman vs. Burns,2021-02-13,USA,"Las Vegas, Nevada",UFC Apex,0
550,UFC Fight Night: Overeem vs. Volkov,2021-02-06,USA,"Las Vegas, Nevada",UFC Apex,0
549,UFC 257: Poirier vs. McGregor 2,2021-01-24,United Arab Emirates,Abu Dhabi,Etihad Arena,"2,600"
548,UFC on ESPN: Chiesa vs. Magny,2021-01-20,United Arab Emirates,Abu Dhabi,Etihad Arena,"2,000"
547,UFC on ABC: Holloway vs. Kattar,2021-01-16,United Arab Emirates,Abu Dhabi,Etihad Arena,"2,000"
546,UFC Fight Night: Thompson vs. Neal,2020-12-19,USA,"Las Vegas, Nevada",UFC Apex,0
545,UFC 256: Figueiredo vs. Moreno,2020-12-12,USA,"Las Vegas, Nevada",UFC Apex,0
544,UFC on ESPN: Hermansson vs. Vettori,2020-12-05,USA,"Las Vegas, Nevada",UFC Apex,0
543,UFC on ESPN: Smith vs. Clark,2020-11-28,USA,"Las Vegas, Nevada",UFC Apex,0
542,UFC 255: Figueiredo vs. Perez,2020-11-21,USA,"Las Vegas, Nevada",UFC Apex,0
541,UFC Fight Night: Felder vs. dos Anjos,2020-11-14,USA,"Las Vegas, Nevada",UFC Apex,0
540,UFC on ESPN: Santos vs. Teixeira,2020-11-07,USA,"Las Vegas, Nevada",UFC Apex,0
539,UFC Fight Night: Hall vs. Silva,2020-10-31,USA,"Las Vegas, Nevada",UFC Apex,0
538,UFC 254: Khabib vs. Gaethje,2020-10-24,United Arab Emirates,Abu Dhabi,du Forum,0
537,UFC Fight Night: Ortega vs. The Korean Zombie,2020-10-18,United Arab Emirates,Abu Dhabi,du Forum,0
536,UFC Fight Night: Moraes vs. Sandhagen,2020-10-11,United Arab Emirates,Abu Dhabi,du Forum,0
535,UFC on ESPN: Holm vs. Aldana,2020-10-04,United Arab Emirates,Abu Dhabi,du Forum,0
534,UFC 253: Adesanya vs. Costa,2020-09-27,United Arab Emirates,Abu Dhabi,du Forum,0
533,UFC Fight Night: Covington vs. Woodley,2020-09-19,USA,"Las Vegas, Nevada",UFC Apex,0
532,UFC Fight Night: Waterson vs. Hill,2020-09-12,USA,"Las Vegas, Nevada",UFC Apex,0
531,UFC Fight Night: Overeem vs. Sakai,2020-09-05,USA,"Las Vegas, Nevada",UFC Apex,0
530,UFC Fight Night: Smith vs. Rakić,2020-08-29,USA,"Las Vegas, Nevada",UFC Apex,0
529,UFC on ESPN: Munhoz vs. Edgar,2020-08-22,USA,"Las Vegas, Nevada",UFC Apex,0
528,UFC 252: Miocic vs. Cormier 3,2020-08-15,USA,"Las Vegas, Nevada",UFC Apex,0
527,UFC Fight Night: Lewis vs. Oleinik,2020-08-08,USA,"Las Vegas, Nevada",UFC Apex,0
526,UFC Fight Night: Brunson vs. Shahbazyan,2020-08-01,USA,"Las Vegas, Nevada",UFC Apex,0
525,UFC on ESPN: Whittaker vs. Till,2020-07-26,United Arab Emirates,Abu Dhabi,du Forum,0
524,UFC Fight Night: Figueiredo vs. Benavidez 2,2020-07-19,United Arab Emirates,Abu Dhabi,du Forum,0
523,UFC on ESPN: Kattar vs. Ige,2020-07-16,United Arab Emirates,Abu Dhabi,du Forum,0
522,UFC 251: Usman vs. Masvidal,2020-07-12,United Arab Emirates,Abu Dhabi,du Forum,0
521,UFC on ESPN: Poirier vs. Hooker,2020-06-27,USA,"Las Vegas, Nevada",UFC Apex,0
520,UFC on ESPN: Blaydes vs. Volkov,2020-06-20,USA,"Las Vegas, Nevada",UFC Apex,0
519,UFC on ESPN: Eye vs. Calvillo,2020-06-13,USA,"Las Vegas, Nevada",UFC Apex,0
518,UFC 250: Nunes vs. Spencer,2020-06-06,USA,"Las Vegas, Nevada",UFC Apex,0
517,UFC on ESPN: Woodley vs. Burns,2020-05-30,USA,"Las Vegas, Nevada",UFC Apex,0
516,UFC on ESPN: Overeem vs. Harris,2020-05-16,USA,"Jacksonville, Florida",VyStar Veterans Memorial Arena,0
515,UFC Fight Night: Smith vs. Teixeira,2020-05-13,USA,"Jacksonville, Florida",VyStar Veterans Memorial Arena,0
514,UFC 249: Ferguson vs. Gaethje,2020-05-09,USA,"Jacksonville, Florida",VyStar Veterans Memorial Arena,0
513,UFC Fight Night: Lee vs. Oliveira,2020-03-14,Brazil,Brasília,Ginásio Nilson Nelson,0
512,UFC 248: Adesanya vs. Romero,2020-03-07,USA,"Las Vegas, Nevada",T-Mobile Arena,"15,077"
511,UFC Fight Night: Benavidez vs. Figueiredo,2020-02-29,USA,"Norfolk, Virginia",Chartway Arena,"7,098"
510,UFC Fight Night: Felder vs. Hooker,2020-02-23,New Zealand,Auckland,Spark Arena,"10,025"
509,UFC Fight Night: Anderson vs. Błachowicz 2,2020-02-15,USA,"Rio Rancho, New Mexico",Santa Ana Star Center,"6,449"
508,UFC 247: Jones vs. Reyes,2020-02-08,USA,"Houston, Texas",Toyota Center,"17,401"
507,UFC Fight Night: Blaydes vs. dos Santos,2020-01-25,USA,"Raleigh, North Carolina",PNC Arena,"14,533"
506,UFC 246: McGregor vs. Cowboy,2020-01-18,USA,"Las Vegas, Nevada",T-Mobile Arena,"19,040"
505,UFC Fight Night: Edgar vs. The Korean Zombie,2019-12-21,South Korea,Busan,Sajik Arena,"10,651"
504,UFC 245: Usman vs. Covington,2019-12-14,USA,"Las Vegas, Nevada",T-Mobile Arena,"16,811"
503,UFC on ESPN: Overeem vs. Rozenstruik,2019-12-07,USA,"Washington, D.C.",Capital One Arena,"10,816"
502,UFC Fight Night: Błachowicz vs. Jacaré,2019-11-16,Brazil,São Paulo,Ginásio do Ibirapuera,"10,344"
501,UFC Fight Night: Magomedsharipov vs. Kattar,2019-11-09,Russia,Moscow,CSKA Arena,"11,305"
500,UFC 244: Masvidal vs. Diaz,2019-11-02,USA,"New York City, New York",Madison Square Garden,"20,143"
499,UFC Fight Night: Maia vs. Askren,2019-10-26,Singapore,Kallang,Singapore Indoor Stadium,"7,155"
498,UFC on ESPN: Reyes vs. Weidman,2019-10-18,USA,"Boston, Massachusetts",TD Garden,"12,066"
497,UFC Fight Night: Joanna vs. Waterson,2019-10-12,USA,"Tampa, Florida",Amalie Arena,"10,597"
496,UFC 243: Whittaker vs. Adesanya,2019-10-05,Australia,Melbourne,Marvel Stadium,"57,127"
495,UFC Fight Night: Hermansson vs. Cannonier,2019-09-28,Denmark,Copenhagen,Royal Arena,"12,767"
494,UFC Fight Night: Rodríguez vs. Stephens,2019-09-21,Mexico,Mexico City,Arena Ciudad de México,"10,112"
493,UFC Fight Night: Cowboy vs. Gaethje,2019-09-14,Canada,"Vancouver, British Columbia",Rogers Arena,"15,114"
492,UFC 242: Khabib vs. Poirier,2019-09-07,United Arab Emirates,Abu Dhabi,"The Arena, Yas Island",N/A
491,UFC Fight Night: Andrade vs. Zhang,2019-08-31,China,Shenzhen,Shenzhen Universiade Sports Centre,"10,302"
490,UFC 241: Cormier vs. Miocic 2,2019-08-17,USA,"Anaheim, California",Honda Center,"17,304"
489,UFC Fight Night: Shevchenko vs. Carmouche 2,2019-08-10,Uruguay,Montevideo,Antel Arena,"9,225"
488,UFC on ESPN: Covington vs. Lawler,2019-08-03,USA,"Newark, New Jersey",Prudential Center,"10,427"
487,UFC 240: Holloway vs. Edgar,2019-07-27,Canada,"Edmonton, Alberta",Rogers Place,"12,144"
486,UFC on ESPN: dos Anjos vs. Edwards,2019-07-20,USA,"San Antonio, Texas",AT&T Center,"9,255"
485,UFC Fight Night: de Randamie vs. Ladd,2019-07-13,USA,"Sacramento, California",Golden 1 Center,"10,306"
484,UFC 239: Jones vs. Santos,2019-07-06,USA,"Las Vegas, Nevada",T-Mobile Arena,"18,358"
483,UFC on ESPN: Ngannou vs. dos Santos,2019-06-29,USA,"Minneapolis, Minnesota",Target Center,"10,123"
482,UFC Fight Night: Moicano vs. The Korean Zombie,2019-06-22,USA,"Greenville, South Carolina",Bon Secours Wellness Arena,"7,682"
481,UFC 238: Cejudo vs. Moraes,2019-06-08,USA,"Chicago, Illinois",United Center,"16,083"
480,UFC Fight Night: Gustafsson vs. Smith,2019-06-01,Sweden,Stockholm,Ericsson Globe,"14,319"
479,UFC Fight Night: dos Anjos vs. Lee,2019-05-18,USA,"Rochester, New York",Blue Cross Arena,"8,132"
478,UFC 237: Namajunas vs. Andrade,2019-05-11,Brazil,Rio de Janeiro,Jeunesse Arena,"15,193"
477,UFC Fight Night: Iaquinta vs. Cowboy,2019-05-04,Canada,"Ottawa, Ontario",Canadian Tire Centre,"10,960"
476,UFC Fight Night: Jacaré vs. Hermansson,2019-04-27,USA,"Sunrise, Florida",BB&T Center,"12,754"
475,UFC Fight Night: Overeem vs. Oleinik,2019-04-20,Russia,Saint Petersburg,Yubileyny Sports Palace,"7,236"
474,UFC 236: Holloway vs. Poirier 2,2019-04-13,USA,"Atlanta, Georgia",State Farm Arena,"14,297"
473,UFC on ESPN: Barboza vs. Gaethje,2019-03-30,USA,"Philadelphia, Pennsylvania",Wells Fargo Center,"11,123"
472,UFC Fight Night: Thompson vs. Pettis,2019-03-23,USA,"Nashville, Tennessee",Bridgestone Arena,"10,863"
471,UFC Fight Night: Till vs. Masvidal,2019-03-16,England,London,The O2 Arena,"16,602"
470,UFC Fight Night: Lewis vs. dos Santos,2019-03-09,USA,"Wichita, Kansas",Intrust Bank Arena,"7,265"
469,UFC 235: Jones vs. Smith,2019-03-02,USA,"Las Vegas, Nevada",T-Mobile Arena,"14,790"
468,UFC Fight Night: Błachowicz vs. Santos,2019-02-23,Czech Republic,Prague,O2 arena,"16,583"
467,UFC on ESPN: Ngannou vs. Velasquez,2019-02-17,USA,"Phoenix, Arizona",Talking Stick Resort Arena,"14,269"
466,UFC 234: Adesanya vs. Silva,2019-02-10,Australia,Melbourne,Rod Laver Arena,"15,238"
465,UFC Fight Night: Assunção vs. Moraes 2,2019-02-02,Brazil,Fortaleza,Centro de Formação Olímpica do Nordeste,"10,040"
464,UFC Fight Night: Cejudo vs. Dillashaw,2019-01-19,USA,"Brooklyn, New York",Barclays Center,"12,152"
463,UFC 232: Jones vs. Gustafsson 2,2018-12-29,USA,"Inglewood, California",The Forum,"15,862"
462,UFC on Fox: Lee vs. Iaquinta 2,2018-12-15,USA,"Milwaukee, Wisconsin",Fiserv Forum,"9,010"
461,UFC 231: Holloway vs. Ortega,2018-12-08,Canada,"Toronto, Ontario",Scotiabank Arena,"19,039"
460,UFC Fight Night: dos Santos vs. Tuivasa,2018-12-02,Australia,Adelaide,Adelaide Entertainment Centre,"8,652"
459,The Ultimate Fighter: Heavy Hitters Finale,2018-11-30,USA,"Las Vegas, Nevada",Pearl Theatre,"2,020"
458,UFC Fight Night: Blaydes vs. Ngannou 2,2018-11-24,China,Beijing,Cadillac Arena,"10,302"
457,UFC Fight Night: Magny vs. Ponzinibbio,2018-11-17,Argentina,Buenos Aires,Estadio Mary Terán de Weiss,"10,245"
456,UFC Fight Night: The Korean Zombie vs. Rodríguez,2018-11-10,USA,"Denver, Colorado",Pepsi Center,"11,426"
455,UFC 230: Cormier vs. Lewis,2018-11-03,USA,"New York City, New York",Madison Square Garden,"17,011"
454,UFC Fight Night: Volkan vs. Smith,2018-10-27,Canada,"Moncton, New Brunswick",Avenir Centre,"6,282"
453,UFC 229: Khabib vs. McGregor,2018-10-06,USA,"Las Vegas, Nevada",T-Mobile Arena,"20,034"
452,UFC Fight Night: Santos vs. Anders,2018-09-22,Brazil,São Paulo,Ginásio do Ibirapuera,"9,485"
451,UFC Fight Night: Hunt vs. Oleinik,2018-09-15,Russia,Moscow,Olimpiyskiy Stadium,"22,603"
450,UFC 228: Woodley vs. Till,2018-09-08,USA,"Dallas, Texas",American Airlines Center,"14,073"
449,UFC Fight Night: Gaethje vs. Vick,2018-08-25,USA,"Lincoln, Nebraska",Pinnacle Bank Arena,"6,409"
448,UFC 227: Dillashaw vs. Garbrandt 2,2018-08-04,USA,"Los Angeles, California",Staples Center,"17,794"
447,UFC on Fox: Alvarez vs. Poirier 2,2018-07-28,Canada,"Calgary, Alberta",Scotiabank Saddledome,"10,603"
446,UFC Fight Night: Shogun vs. Smith,2018-07-22,Germany,Hamburg,Barclaycard Arena,"7,798"
445,UFC Fight Night: dos Santos vs. Ivanov,2018-07-14,USA,"Boise, Idaho",CenturyLink Arena,"5,648"
444,UFC 226: Miocic vs. Cormier,2018-07-07,USA,"Las Vegas, Nevada",T-Mobile Arena,"17,464"
443,The Ultimate Fighter: Undefeated Finale,2018-07-06,USA,"Las Vegas, Nevada",Palms Casino Resort,"2,123"
442,UFC Fight Night: Cowboy vs. Edwards,2018-06-23,Singapore,Kallang,Singapore Indoor Stadium,"6,419"
441,UFC 225: Whittaker vs. Romero 2,2018-06-09,USA,"Chicago, Illinois",United Center,"18,117"
440,UFC Fight Night: Rivera vs. Moraes,2018-06-01,USA,"Utica, New York",Adirondack Bank Center,"5,063"
439,UFC Fight Night: Thompson vs. Till,2018-05-27,England,Liverpool,Echo Arena,"8,520"
438,UFC Fight Night: Maia vs. Usman,2018-05-19,Chile,Santiago,Movistar Arena,"11,082"
437,UFC 224: Nunes vs. Pennington,2018-05-12,Brazil,Rio de Janeiro,Jeunesse Arena,"10,696"
436,UFC Fight Night: Barboza vs. Lee,2018-04-21,USA,"Atlantic City, New Jersey",Boardwalk Hall,"9,541"
435,UFC on Fox: Poirier vs. Gaethje,2018-04-14,USA,"Glendale, Arizona",Gila River Arena,"11,382"
434,UFC 223: Khabib vs. Iaquinta,2018-04-07,USA,"Brooklyn, New York",Barclays Center,"17,026"
433,UFC Fight Night: Werdum vs. Volkov,2018-03-17,England,London,The O2 Arena,"16,274"
432,UFC 222: Cyborg vs. Kunitskaya,2018-03-03,USA,"Las Vegas, Nevada",T-Mobile Arena,"12,041"
431,UFC on Fox: Emmett vs. Stephens,2018-02-24,USA,"Orlando, Florida",Amway Center,"10,124"
430,UFC Fight Night: Cowboy vs. Medeiros,2018-02-18,USA,"Austin, Texas",Frank Erwin Center,"10,502"
429,UFC 221: Romero vs. Rockhold,2018-02-11,Australia,Perth,Perth Arena,"12,437"
428,UFC Fight Night: Machida vs. Anders,2018-02-03,Brazil,Belém,Arena Guilherme Paraense,"10,144"
427,UFC on Fox: Jacaré vs. Brunson 2,2018-01-27,USA,"Charlotte, North Carolina",Spectrum Center,"10,249"
426,UFC 220: Miocic vs. Ngannou,2018-01-20,USA,"Boston, Massachusetts",TD Garden,"16,015"
425,UFC Fight Night: Stephens vs. Choi,2018-01-14,USA,"St. Louis, Missouri",Scottrade Center,"10,052"
424,UFC 219: Cyborg vs. Holm,2017-12-30,USA,"Las Vegas, Nevada",T-Mobile Arena,"13,561"
423,UFC on Fox: Lawler vs. dos Anjos,2017-12-16,Canada,"Winnipeg, Manitoba",Bell MTS Place,"8,862"
422,UFC Fight Night: Swanson vs. Ortega,2017-12-09,USA,"Fresno, California",Save Mart Center,"7,605"
421,UFC 218: Holloway vs. Aldo 2,2017-12-02,USA,"Detroit, Michigan",Little Caesars Arena,"17,587"
420,The Ultimate Fighter: A New World Champion Finale,2017-12-01,USA,"Las Vegas, Nevada",Park Theater,N/A
419,UFC Fight Night: Bisping vs. Gastelum,2017-11-25,China,Shanghai,Mercedes-Benz Arena,"15,128"
418,UFC Fight Night: Werdum vs. Tybura,2017-11-19,Australia,Sydney,Qudos Bank Arena,"10,021"
417,UFC Fight Night: Poirier vs. Pettis,2017-11-11,USA,"Norfolk, Virginia",Ted Constant Convocation Center,"8,442"
416,UFC 217: Bisping vs. St-Pierre,2017-11-04,USA,"New York City, New York",Madison Square Garden,"18,201"
415,UFC Fight Night: Brunson vs. Machida,2017-10-28,Brazil,São Paulo,Ginásio do Ibirapuera,"10,265"
414,UFC Fight Night: Cowboy vs. Till,2017-10-21,Poland,Gdańsk,Ergo Arena,"11,138"
413,UFC 216: Ferguson vs. Lee,2017-10-07,USA,"Las Vegas, Nevada",T-Mobile Arena,"10,638"
412,UFC Fight Night: Saint Preux vs. Okami,2017-09-23,Japan,Saitama,Saitama Super Arena,"8,571"
411,UFC Fight Night: Rockhold vs. Branch,2017-09-16,USA,"Pittsburgh, Pennsylvania",PPG Paints Arena,"7,005"
410,UFC 215: Nunes vs. Shevchenko 2,2017-09-09,Canada,"Edmonton, Alberta",Rogers Place,"16,232"
409,UFC Fight Night: Volkov vs. Struve,2017-09-02,Netherlands,Rotterdam,Rotterdam Ahoy,"10,224"
408,UFC Fight Night: Pettis vs. Moreno,2017-08-05,Mexico,Mexico City,Arena Ciudad de México,"10,172"
407,UFC 214: Cormier vs. Jones 2,2017-07-29,USA,"Anaheim, California",Honda Center,"16,610"
406,UFC on Fox: Weidman vs. Gastelum,2017-07-22,USA,"Uniondale, New York",Nassau Veterans Memorial Coliseum,"11,198"
405,UFC Fight Night: Nelson vs. Ponzinibbio,2017-07-16,Scotland,Glasgow,The SSE Hydro,"10,589"
404,UFC 213: Romero vs. Whittaker,2017-07-08,USA,"Las Vegas, Nevada",T-Mobile Arena,"12,834"
403,The Ultimate Fighter: Redemption Finale,2017-07-07,USA,"Las Vegas, Nevada",T-Mobile Arena,"6,308"
402,UFC Fight Night: Chiesa vs. Lee,2017-06-25,USA,"Oklahoma City, Oklahoma",Chesapeake Energy Arena,"7,605"
401,UFC Fight Night: Holm vs. Correia,2017-06-17,Singapore,Kallang,Singapore Indoor Stadium,"8,414"
400,UFC Fight Night: Lewis vs. Hunt,2017-06-11,New Zealand,Auckland,Spark Arena,"8,649"
399,UFC 212: Aldo vs. Holloway,2017-06-03,Brazil,Rio de Janeiro,Jeunesse Arena,"15,412"
398,UFC Fight Night: Gustafsson vs. Teixeira,2017-05-28,Sweden,Stockholm,Ericsson Globe,"12,668"
397,UFC 211: Miocic vs. dos Santos 2,2017-05-13,USA,"Dallas, Texas",American Airlines Center,"17,834"
396,UFC Fight Night: Swanson vs. Lobov,2017-04-22,USA,"Nashville, Tennessee",Bridgestone Arena,"10,144"
395,UFC on Fox: Johnson vs. Reis,2017-04-15,USA,"Kansas City, Missouri",Sprint Center,"12,171"
394,UFC 210: Cormier vs. Johnson 2,2017-04-08,USA,"Buffalo, New York",KeyBank Center,"17,110"
393,UFC Fight Night: Manuwa vs. Anderson,2017-03-18,England,London,The O2 Arena,"15,761"
392,UFC Fight Night: Belfort vs. Gastelum,2017-03-11,Brazil,Fortaleza,Centro de Formação Olímpica do Nordeste,"14,069"
391,UFC 209: Woodley vs. Thompson 2,2017-03-04,USA,"Las Vegas, Nevada",T-Mobile Arena,"13,150"
390,UFC Fight Night: Lewis vs. Browne,2017-02-19,Canada,"Halifax, Nova Scotia",Scotiabank Centre,"8,123"
389,UFC 208: Holm vs. de Randamie,2017-02-11,USA,"Brooklyn, New York",Barclays Center,"15,628"
388,UFC Fight Night: Bermudez vs. The Korean Zombie,2017-02-04,USA,"Houston, Texas",Toyota Center,"8,119"
387,UFC on Fox: Shevchenko vs. Peña,2017-01-28,USA,"Denver, Colorado",Pepsi Center,"13,233"
386,UFC Fight Night: Rodríguez vs. Penn,2017-01-15,USA,"Phoenix, Arizona",Talking Stick Resort Arena,"11,589"
385,UFC 207: Nunes vs. Rousey,2016-12-30,USA,"Las Vegas, Nevada",T-Mobile Arena,"18,533"
384,UFC on Fox: VanZant vs. Waterson,2016-12-17,USA,"Sacramento, California",Golden 1 Center,"13,136"
383,UFC 206: Holloway vs. Pettis,2016-12-10,Canada,"Toronto, Ontario",Scotiabank Arena,"18,057"
382,UFC Fight Night: Lewis vs. Abdurakhimov,2016-12-09,USA,"Albany, New York",Times Union Center,"6,216"
381,The Ultimate Fighter: Tournament of Champions Finale,2016-12-03,USA,"Las Vegas, Nevada",Palms Casino Resort,"2,044"
380,UFC Fight Night: Whittaker vs. Brunson,2016-11-27,Australia,Melbourne,Rod Laver Arena,"13,721"
379,UFC Fight Night: Bader vs. Nogueira 2,2016-11-19,Brazil,São Paulo,Ginásio do Ibirapuera,"9,028"
378,UFC Fight Night: Mousasi vs. Hall 2,2016-11-19,Northern Ireland,Belfast,The SSE Arena,"7,222"
377,UFC 205: Alvarez vs. McGregor,2016-11-12,USA,"New York City, New York",Madison Square Garden,"20,427"
376,The Ultimate Fighter Latin America 3 Finale: dos Anjos vs. Ferguson,2016-11-05,Mexico,Mexico City,Arena Ciudad de México,"11,460"
375,UFC 204: Bisping vs. Henderson 2,2016-10-08,England,Manchester,Manchester Arena,"16,000"
374,UFC Fight Night: Lineker vs. Dodson,2016-10-01,USA,"Portland, Oregon",Moda Center,"6,240"
373,UFC Fight Night: Cyborg vs. Länsberg,2016-09-24,Brazil,Brasília,Ginásio Nilson Nelson,"8,410"
372,UFC Fight Night: Poirier vs. Johnson,2016-09-17,USA,"Hidalgo, Texas",State Farm Arena,"5,624"
371,UFC 203: Miocic vs. Overeem,2016-09-10,USA,"Cleveland, Ohio",Quicken Loans Arena,"18,875"
370,UFC Fight Night: Arlovski vs. Barnett,2016-09-03,Germany,Hamburg,Barclaycard Arena,"11,763"
369,UFC on Fox: Maia vs. Condit,2016-08-27,Canada,"Vancouver, British Columbia",Rogers Arena,"10,533"
368,UFC 202: Diaz vs. McGregor 2,2016-08-20,USA,"Las Vegas, Nevada",T-Mobile Arena,"15,539"
367,UFC Fight Night: Rodríguez vs. Caceres,2016-08-06,USA,"Salt Lake City, Utah",Vivint Smart Home Arena,"6,689"
366,UFC 201: Lawler vs. Woodley,2016-07-30,USA,"Atlanta, Georgia",Philips Arena,"10,240"
365,UFC on Fox: Holm vs. Shevchenko,2016-07-23,USA,"Chicago, Illinois",United Center,"10,287"
364,UFC Fight Night: McDonald vs. Lineker,2016-07-13,USA,"Sioux Falls, South Dakota",Denny Sanford Premier Center,"5,671"
363,UFC 200: Tate vs. Nunes,2016-07-09,USA,"Las Vegas, Nevada",T-Mobile Arena,"18,202"
362,The Ultimate Fighter: Team Joanna vs. Team Cláudia Finale,2016-07-08,USA,"Las Vegas, Nevada",MGM Grand Garden Arena,"8,115"
361,UFC Fight Night: dos Anjos vs. Alvarez,2016-07-07,USA,"Las Vegas, Nevada",MGM Grand Garden Arena,"7,760"
360,UFC Fight Night: MacDonald vs. Thompson,2016-06-18,Canada,"Ottawa, Ontario",TD Place Arena,"10,490"
359,UFC 199: Rockhold vs. Bisping 2,2016-06-04,USA,"Inglewood, California",The Forum,"15,587"
358,UFC Fight Night: Almeida vs. Garbrandt,2016-05-29,USA,"Las Vegas, Nevada",Mandalay Bay Events Center,"5,193"
357,UFC 198: Werdum vs. Miocic,2016-05-14,Brazil,Curitiba,Arena da Baixada,"45,207"
356,UFC Fight Night: Overeem vs. Arlovski,2016-05-08,Netherlands,Rotterdam,Rotterdam Ahoy,"10,421"
355,UFC 197: Jones vs. Saint Preux,2016-04-23,USA,"Las Vegas, Nevada",MGM Grand Garden Arena,"11,352"
354,UFC on Fox: Teixeira vs. Evans,2016-04-16,USA,"Tampa, Florida",Amalie Arena,"11,273"
353,UFC Fight Night: Rothwell vs. dos Santos,2016-04-10,Croatia,Zagreb,Arena Zagreb,"13,177"
352,UFC Fight Night: Hunt vs. Mir,2016-03-20,Australia,Brisbane,Brisbane Entertainment Centre,"9,552"
351,UFC 196: McGregor vs. Diaz,2016-03-05,USA,"Las Vegas, Nevada",MGM Grand Garden Arena,"14,898"
350,UFC Fight Night: Silva vs. Bisping,2016-02-27,England,London,The O2 Arena,"16,734"
349,UFC Fight Night: Cowboy vs. Cowboy,2016-02-21,USA,"Pittsburgh, Pennsylvania",Consol Energy Center,"7,330"
348,UFC Fight Night: Hendricks vs. Thompson,2016-02-06,USA,"Las Vegas, Nevada",MGM Grand Garden Arena,"7,422"
347,UFC on Fox: Johnson vs. Bader,2016-01-30,USA,"Newark, New Jersey",Prudential Center,"10,555"
346,UFC Fight Night: Dillashaw vs. Cruz,2016-01-17,USA,"Boston, Massachusetts",TD Garden,"12,022"
345,UFC 195: Lawler vs. Condit,2016-01-02,USA,"Las Vegas, Nevada",MGM Grand Garden Arena,"10,300"
344,UFC on Fox: dos Anjos vs. Cowboy 2,2015-12-19,USA,"Orlando, Florida",Amway Center,"14,459"
343,UFC 194: Aldo vs. McGregor,2015-12-12,USA,"Las Vegas, Nevada",MGM Grand Garden Arena,"16,516"
342,The Ultimate Fighter: Team McGregor vs. Team Faber Finale,2015-12-11,USA,"Las Vegas, Nevada",The Chelsea at The Cosmopolitan,"2,566"
341,UFC Fight Night: Namajunas vs. VanZant,2015-12-10,USA,"Las Vegas, Nevada",The Chelsea at The Cosmopolitan,"1,643"
340,UFC Fight Night: Henderson vs. Masvidal,2015-11-28,South Korea,Seoul,Olympic Gymnastics Arena,"12,156"
339,The Ultimate Fighter Latin America 2 Finale: Magny vs. Gastelum,2015-11-21,Mexico,Monterrey,Arena Monterrey,"10,410"
338,UFC 193: Rousey vs. Holm,2015-11-15,Australia,Melbourne,Etihad Stadium,"56,214"
337,UFC Fight Night: Belfort vs. Henderson 3,2015-11-07,Brazil,São Paulo,Ginásio do Ibirapuera,"10,628"
336,UFC Fight Night: Holohan vs. Smolka,2015-10-24,Ireland (ROI),Dublin,3Arena,"9,500"
335,UFC 192: Cormier vs. Gustafsson,2015-10-03,USA,"Houston, Texas",Toyota Center,"14,622"
334,UFC Fight Night: Barnett vs. Nelson,2015-09-27,Japan,Saitama,Saitama Super Arena,"10,137"
333,UFC 191: Johnson vs. Dodson 2,2015-09-05,USA,"Las Vegas, Nevada",MGM Grand Garden Arena,"10,873"
332,UFC Fight Night: Holloway vs. Oliveira,2015-08-23,Canada,"Saskatoon, Saskatchewan",SaskTel Centre,"7,202"
331,UFC Fight Night: Teixeira vs. Saint Preux,2015-08-08,USA,"Nashville, Tennessee",Bridgestone Arena,"7,539"
330,UFC 190: Rousey vs. Correia,2015-08-01,Brazil,Rio de Janeiro,HSBC Arena,"14,723"
329,UFC on Fox: Dillashaw vs. Barão 2,2015-07-25,USA,"Chicago, Illinois",United Center,"11,663"
328,UFC Fight Night: Bisping vs. Leites,2015-07-18,Scotland,Glasgow,The SSE Hydro,"10,451"
327,UFC Fight Night: Mir vs. Duffee,2015-07-15,USA,"San Diego, California",Valley View Casino Center,"5,471"
326,The Ultimate Fighter: American Top Team vs. Blackzilians Finale,2015-07-12,USA,"Las Vegas, Nevada",MGM Grand Garden Arena,"4,844"
325,UFC 189: Mendes vs. McGregor,2015-07-11,USA,"Las Vegas, Nevada",MGM Grand Garden Arena,"16,019"
324,UFC Fight Night: Machida vs. Romero,2015-06-27,USA,"Hollywood, Florida",Seminole Hard Rock Hotel and Casino,"5,604"
323,UFC Fight Night: Jędrzejczyk vs. Penne,2015-06-20,Germany,Berlin,O2 World,"8,155"
322,UFC 188: Velasquez vs. Werdum,2015-06-13,Mexico,Mexico City,Arena Ciudad de México,"21,036"
321,UFC Fight Night: Boetsch vs. Henderson,2015-06-06,USA,"New Orleans, Louisiana",Smoothie King Center,"6,231"
320,UFC Fight Night: Condit vs. Alves,2015-05-30,Brazil,Goiânia,Goiânia Arena,"3,500"
319,UFC 187: Johnson vs. Cormier,2015-05-23,USA,"Las Vegas, Nevada",MGM Grand Garden Arena,"12,615"
318,UFC Fight Night: Edgar vs. Faber,2015-05-16,Philippines,Pasay,Mall of Asia Arena,"13,446"
317,UFC Fight Night: Miocic vs. Hunt,2015-05-10,Australia,Adelaide,Adelaide Entertainment Centre,"7,984"
316,UFC 186: Johnson vs. Horiguchi,2015-04-25,Canada,"Montreal, Quebec",Bell Centre,"10,154"
315,UFC on Fox: Machida vs. Rockhold,2015-04-18,USA,"Newark, New Jersey",Prudential Center,"13,306"
314,UFC Fight Night: Gonzaga vs. Cro Cop 2,2015-04-11,Poland,Kraków,Tauron Arena Kraków,"10,000"
313,UFC Fight Night: Mendes vs. Lamas,2015-04-04,USA,"Fairfax, Virginia",Patriot Center,"5,417"
312,UFC Fight Night: Maia vs. LaFlare,2015-03-21,Brazil,Rio de Janeiro,Ginásio do Maracanãzinho,"7,707"
311,UFC 185: Pettis vs. dos Anjos,2015-03-14,USA,"Dallas, Texas",American Airlines Center,"17,160"
310,UFC 184: Rousey vs. Zingano,2015-02-28,USA,"Los Angeles, California",Staples Center,"17,654"
309,UFC Fight Night: Bigfoot vs. Mir,2015-02-22,Brazil,Porto Alegre,Ginásio Gigantinho,"5,080"
308,UFC Fight Night: Henderson vs. Thatch,2015-02-14,USA,"Broomfield, Colorado",1stBank Center,"5,807"
307,UFC 183: Silva vs. Diaz,2015-01-31,USA,"Las Vegas, Nevada",MGM Grand Garden Arena,"13,114"
306,UFC on Fox: Gustafsson vs. Johnson,2015-01-24,Sweden,Stockholm,Tele2 Arena,"30,000"
305,UFC Fight Night: McGregor vs. Siver,2015-01-18,USA,"Boston, Massachusetts",TD Garden,"13,828"
304,UFC 182: Jones vs. Cormier,2015-01-03,USA,"Las Vegas, Nevada",MGM Grand Garden Arena,"11,575"
303,UFC Fight Night: Machida vs. Dollaway,2014-12-20,Brazil,Barueri,Ginásio José Corrêa,N/A
302,UFC on Fox: dos Santos vs. Miocic,2014-12-13,USA,"Phoenix, Arizona",Talking Stick Resort Arena,"15,300"
301,The Ultimate Fighter: A Champion Will Be Crowned Finale,2014-12-12,USA,"Las Vegas, Nevada",Palms Casino Resort,"1,800"
300,UFC 181: Hendricks vs. Lawler II,2014-12-06,USA,"Las Vegas, Nevada",Mandalay Bay Events Center,"9,617"
299,UFC Fight Night: Edgar vs. Swanson,2014-11-22,USA,"Austin, Texas",Frank Erwin Center,"10,131"
298,UFC 180: Werdum vs. Hunt,2014-11-15,Mexico,Mexico City,Arena Ciudad de México,"21,000"
297,UFC Fight Night: Shogun vs. Saint Preux,2014-11-08,Brazil,Uberlândia,Ginásio Municipal Tancredo Neves,"5,671"
296,UFC Fight Night: Rockhold vs. Bisping,2014-11-07,Australia,Sydney,Allphones Arena,"9,904"
295,UFC 179: Aldo vs. Mendes 2,2014-10-25,Brazil,Rio de Janeiro,Ginásio do Maracanãzinho,"11,415"
294,UFC Fight Night: MacDonald vs. Saffiedine,2014-10-04,Canada,"Halifax, Nova Scotia",Scotiabank Centre,"10,782"
293,UFC Fight Night: Nelson vs. Story,2014-10-04,Sweden,Stockholm,Ericsson Globe Arena,"10,026"
292,UFC 178: Johnson vs. Cariaso,2014-09-27,USA,"Las Vegas, Nevada",MGM Grand Garden Arena,"10,544"
291,UFC Fight Night: Hunt vs. Nelson,2014-09-20,Japan,Saitama,Saitama Super Arena,"12,395"
290,UFC Fight Night: Bigfoot vs. Arlovski,2014-09-13,Brazil,Brasília,Ginásio Nilson Nelson,"8,822"
289,UFC Fight Night: Jacaré vs. Mousasi,2014-09-05,USA,"Mashantucket, Connecticut",Foxwoods Resort Casino,"4,086"
288,UFC 177: Dillashaw vs. Soto,2014-08-30,USA,"Sacramento, California",Sleep Train Arena,"11,100"
287,UFC Fight Night: Henderson vs. dos Anjos,2014-08-23,USA,"Tulsa, Oklahoma",BOK Center,"7,119"
286,UFC Fight Night: Bisping vs. Le,2014-08-23,China,"Macau, SAR",CotaiArena,"7,022"
285,UFC Fight Night: Bader vs. Saint Preux,2014-08-16,USA,"Bangor, Maine",Cross Insurance Center,"5,329"
284,UFC on Fox: Lawler vs. Brown,2014-07-26,USA,"San Jose, California",SAP Center,"11,482"
283,UFC Fight Night: McGregor vs. Brandao,2014-07-19,Ireland (ROI),Dublin,The O2,"9,500"
282,UFC Fight Night: Cowboy vs. Miller,2014-07-16,USA,"Atlantic City, New Jersey",Revel Casino Hotel,"4,115"
281,The Ultimate Fighter: Team Edgar vs. Team Penn Finale,2014-07-06,USA,"Las Vegas, Nevada",Mandalay Bay Events Center,"6,500"
280,UFC 175: Weidman vs. Machida,2014-07-05,USA,"Las Vegas, Nevada",Mandalay Bay Events Center,"10,088"
279,UFC Fight Night: Swanson vs. Stephens,2014-06-28,USA,"San Antonio, Texas",AT&T Center,"9,227"
278,UFC Fight Night: Te Huna vs. Marquardt,2014-06-28,New Zealand,Auckland,Vector Arena,"8,089"
277,UFC 174: Johnson vs. Bagautinov,2014-06-14,Canada,"Vancouver, British Columbia",Rogers Arena,"13,506"
276,UFC Fight Night: Henderson vs. Khabilov,2014-06-07,USA,"Albuquerque, New Mexico",Tingley Coliseum,"8,775"
275,The Ultimate Fighter Brazil 3 Finale: Miocic vs. Maldonado,2014-05-31,Brazil,São Paulo,Ginásio do Ibirapuera,"8,986"
274,UFC Fight Night: Muñoz vs. Mousasi,2014-05-31,Germany,Berlin,O2 World,"8,000"
273,UFC 173: Barão vs. Dillashaw,2014-05-24,USA,"Las Vegas, Nevada",MGM Grand Garden Arena,"11,036"
272,UFC Fight Night: Brown vs. Silva,2014-05-10,USA,"Cincinnati, Ohio",U.S. Bank Arena,"6,143"
271,UFC 172: Jones vs. Teixeira,2014-04-26,USA,"Baltimore, Maryland",Baltimore Arena,"13,485"
270,UFC on Fox: Werdum vs. Browne,2014-04-19,USA,"Orlando, Florida",Amway Center,"17,000"
269,The Ultimate Fighter Nations Finale: Bisping vs. Kennedy,2014-04-16,Canada,"Quebec City, Quebec",Colisée Pepsi,"5,029"
268,UFC Fight Night: Nogueira vs. Nelson,2014-04-11,United Arab Emirates,Abu Dhabi,du Arena,"7,963"
267,UFC Fight Night: Shogun vs. Henderson 2,2014-03-23,Brazil,Natal,Ginásio Nélio Dias,"6,828"
266,UFC 171: Hendricks vs. Lawler,2014-03-15,USA,"Dallas, Texas",American Airlines Center,"19,324"
265,UFC Fight Night: Gustafsson vs. Manuwa,2014-03-08,England,London,The O2 Arena,"14,604"
264,The Ultimate Fighter China Finale: Kim vs. Hathaway,2014-03-01,China,"Macau, SAR",CotaiArena,"6,000"
263,UFC 170: Rousey vs. McMann,2014-02-22,USA,"Las Vegas, Nevada",Mandalay Bay Events Center,"10,217"
262,UFC Fight Night: Machida vs. Mousasi,2014-02-15,Brazil,Jaraguá do Sul,Arena Jaraguá,"7,511"
261,UFC 169: Barão vs. Faber II,2014-02-01,USA,"Newark, New Jersey",Prudential Center,"14,308"
260,UFC on Fox: Henderson vs. Thomson,2014-01-25,USA,"Chicago, Illinois",United Center,"10,895"
259,UFC Fight Night: Rockhold vs. Philippou,2014-01-15,USA,"Duluth, Georgia",Arena at Gwinnett Center,"5,822"
258,UFC Fight Night: Saffiedine vs. Lim,2014-01-04,Singapore,Marina Bay,Marina Bay Sands,"5,216"
257,UFC 168: Weidman vs. Silva 2,2013-12-28,USA,"Las Vegas, Nevada",MGM Grand Garden Arena,"15,650"
256,UFC on Fox: Johnson vs. Benavidez 2,2013-12-14,USA,"Sacramento, California",Sleep Train Arena,"11,573"
255,UFC Fight Night: Hunt vs. Bigfoot,2013-12-07,Australia,Brisbane,Brisbane Entertainment Centre,"11,393"
254,The Ultimate Fighter: Team Rousey vs. Team Tate Finale,2013-11-20,USA,"Las Vegas, Nevada",Mandalay Bay Events Center,"4,853"
253,UFC 167: St-Pierre vs. Hendricks,2013-11-16,USA,"Las Vegas, Nevada",MGM Grand Garden Arena,"14,856"
252,UFC Fight Night: Belfort vs. Henderson,2013-11-09,Brazil,Goiânia,Goiânia Arena,"10,565"
251,UFC: Fight for the Troops 3,2013-11-06,USA,"Fort Campbell, Kentucky",Fort Campbell,N/A
250,UFC Fight Night: Machida vs. Muñoz,2013-10-26,England,Manchester,Phones 4u Arena,"10,355"
249,UFC 166: Velasquez vs. dos Santos III,2013-10-19,USA,"Houston, Texas",Toyota Center,"17,238"
248,UFC Fight Night: Maia vs. Shields,2013-10-09,Brazil,Barueri,Ginásio José Corrêa,"6,621"
247,UFC 165: Jones vs. Gustafsson,2013-09-21,Canada,"Toronto, Ontario",Air Canada Centre,"15,504"
246,UFC Fight Night: Teixeira vs. Bader,2013-09-04,Brazil,Belo Horizonte,Mineirinho Arena,"5,126"
245,UFC 164: Henderson vs. Pettis,2013-08-31,USA,"Milwaukee, Wisconsin",BMO Harris Bradley Center,"9,178"
244,UFC Fight Night: Condit vs. Kampmann 2,2013-08-28,USA,"Indianapolis, Indiana",Bankers Life Fieldhouse,"6,417"
243,UFC Fight Night: Shogun vs. Sonnen,2013-08-17,USA,"Boston, Massachusetts",TD Garden,"14,181"
242,UFC 163: Aldo vs. Korean Zombie,2013-08-03,Brazil,Rio de Janeiro,HSBC Arena,"13,873"
241,UFC on Fox: Johnson vs. Moraga,2013-07-27,USA,"Seattle, Washington",KeyArena,"8,967"
240,UFC 162: Silva vs. Weidman,2013-07-06,USA,"Las Vegas, Nevada",MGM Grand Garden Arena,"12,964"
239,UFC 161: Evans vs. Henderson,2013-06-15,Canada,"Winnipeg, Manitoba",MTS Centre,"14,754"
238,UFC on Fuel TV: Nogueira vs. Werdum,2013-06-08,Brazil,Fortaleza,Ginásio Paulo Sarasate,"6,286"
237,UFC 160: Velasquez vs. Bigfoot 2,2013-05-25,USA,"Las Vegas, Nevada",MGM Grand Garden Arena,"12,380"
236,UFC on FX: Belfort vs. Rockhold,2013-05-18,Brazil,Jaraguá do Sul,Arena Jaraguá,"7,642"
235,UFC 159: Jones vs. Sonnen,2013-04-27,USA,"Newark, New Jersey",Prudential Center,"15,227"
234,UFC on Fox: Henderson vs. Melendez,2013-04-20,USA,"San Jose, California",HP Pavilion,"13,506"
233,The Ultimate Fighter: Team Jones vs. Team Sonnen Finale,2013-04-13,USA,"Las Vegas, Nevada",Mandalay Bay Events Center,"5,918"
232,UFC on Fuel TV: Mousasi vs. Latifi,2013-04-06,Sweden,Stockholm,Ericsson Globe Arena,"14,506"
231,UFC 158: St-Pierre vs. Diaz,2013-03-16,Canada,"Montreal, Quebec",Bell Centre,"20,145"
230,UFC on Fuel TV: Silva vs. Stann,2013-03-03,Japan,Saitama,Saitama Super Arena,"14,682"
229,UFC 157: Rousey vs. Carmouche,2013-02-23,USA,"Anaheim, California",Honda Center,"13,257"
228,UFC on Fuel TV: Barão vs. McDonald,2013-02-16,England,London,Wembley Arena,"10,349"
227,UFC 156: Aldo vs. Edgar,2013-02-02,USA,"Las Vegas, Nevada",Mandalay Bay Events Center,"10,275"
226,UFC on Fox: Johnson vs. Dodson,2013-01-26,USA,"Chicago, Illinois",United Center,"16,091"
225,UFC on FX: Belfort vs. Bisping,2013-01-19,Brazil,São Paulo,Ginásio do Ibirapuera,"9,116"
224,UFC 155: dos Santos vs. Velasquez 2,2012-12-29,USA,"Las Vegas, Nevada",MGM Grand Garden Arena,"13,561"
223,The Ultimate Fighter: Team Carwin vs. Team Nelson Finale,2012-12-15,USA,"Las Vegas, Nevada",Hard Rock Hotel and Casino,"2,500"
222,UFC on FX: Sotiropoulos vs. Pearson,2012-12-15,Australia,Gold Coast,Gold Coast Convention and Exhibition Centre,"5,133"
221,UFC on Fox: Henderson vs. Diaz,2012-12-08,USA,"Seattle, Washington",KeyArena,"14,387"
220,UFC 154: St-Pierre vs. Condit,2012-11-17,Canada,"Montreal, Quebec",Bell Centre,"17,249"
219,UFC on Fuel TV: Franklin vs. Le,2012-11-10,China,"Macau, SAR",CotaiArena,"8,415"
218,UFC 153: Silva vs. Bonnar,2012-10-13,Brazil,Rio de Janeiro,HSBC Arena,"16,844"
217,UFC on FX: Browne vs. Bigfoot,2012-10-05,USA,"Minneapolis, Minnesota",Target Center,"7,049"
216,UFC on Fuel TV: Struve vs. Miocic,2012-09-29,England,Nottingham,Capital FM Arena,"7,241"
215,UFC 152: Jones vs. Belfort,2012-09-22,Canada,"Toronto, Ontario",Air Canada Centre,"16,800"
214,UFC 150: Henderson vs. Edgar II,2012-08-11,USA,"Denver, Colorado",Pepsi Center,"13,027"
213,UFC on Fox: Shogun vs. Vera,2012-08-04,USA,"Los Angeles, California",Staples Center,"16,080"
212,UFC 149: Faber vs. Barão,2012-07-21,Canada,"Calgary, Alberta",Scotiabank Saddledome,"16,089"
211,UFC on Fuel TV: Muñoz vs. Weidman,2012-07-11,USA,"San Jose, California",HP Pavilion,"4,250"
210,UFC 148: Silva vs. Sonnen II,2012-07-07,USA,"Las Vegas, Nevada",MGM Grand Garden Arena,"15,104"
209,UFC 147: Silva vs. Franklin II,2012-06-23,Brazil,Belo Horizonte,Mineirinho Arena,"16,643"
208,UFC on FX: Maynard vs. Guida,2012-06-22,USA,"Atlantic City, New Jersey",Revel Casino Hotel,"4,652"
207,UFC on FX: Johnson vs. McCall 2,2012-06-08,USA,"Sunrise, Florida",BankAtlantic Center,"6,635"
206,The Ultimate Fighter: Live Finale,2012-06-01,USA,"Las Vegas, Nevada",Palms Casino Resort,"1,628"
205,UFC 146: dos Santos vs. Mir,2012-05-26,USA,"Las Vegas, Nevada",MGM Grand Garden Arena,"14,674"
204,UFC on Fuel TV: The Korean Zombie vs. Poirier,2012-05-15,USA,"Fairfax, Virginia",Patriot Center,"6,668"
203,UFC on Fox: Diaz vs. Miller,2012-05-05,USA,"East Rutherford, New Jersey",IZOD Center,"10,788"
202,UFC 145: Jones vs. Evans,2012-04-21,USA,"Atlanta, Georgia",Philips Arena,"15,545"
201,UFC on Fuel TV: Gustafsson vs. Silva,2012-04-14,Sweden,Stockholm,Ericsson Globe Arena,"15,428"
200,UFC on FX: Alves vs. Kampmann,2012-03-03,Australia,Sydney,Allphones Arena,"14,537"
199,UFC 144: Edgar vs. Henderson,2012-02-26,Japan,Saitama,Saitama Super Arena,"21,000"
198,UFC on Fuel TV: Sanchez vs. Ellenberger,2012-02-15,USA,"Omaha, Nebraska",Omaha Civic Auditorium,"6,283"
197,UFC 143: Diaz vs. Condit,2012-02-04,USA,"Las Vegas, Nevada",Mandalay Bay Events Center,"9,015"
196,UFC on Fox: Evans vs. Davis,2012-01-28,USA,"Chicago, Illinois",United Center,"16,963"
195,UFC on FX: Guillard vs. Miller,2012-01-20,USA,"Nashville, Tennessee",Bridgestone Arena,"7,728"
194,UFC 142: Aldo vs. Mendes,2012-01-14,Brazil,Rio de Janeiro,HSBC Arena,"10,605"
193,UFC 141: Lesnar vs. Overeem,2011-12-30,USA,"Las Vegas, Nevada",MGM Grand Garden Arena,"13,793"
192,UFC 140: Jones vs. Machida,2011-12-10,Canada,"Toronto, Ontario",Air Canada Centre,"18,303"
191,The Ultimate Fighter: Team Bisping vs. Team Miller Finale,2011-12-03,USA,"Las Vegas, Nevada",Palms Casino Resort,"1,909"
190,UFC 139: Shogun vs. Henderson,2011-11-19,USA,"San Jose, California",HP Pavilion,"13,832"
189,UFC on Fox: Velasquez vs. dos Santos,2011-11-12,USA,"Anaheim, California",Honda Center,"11,607"
188,UFC 138: Leben vs. Muñoz,2011-11-05,England,Birmingham,LG Arena,"10,823"
187,UFC 137: Penn vs. Diaz,2011-10-29,USA,"Las Vegas, Nevada",Mandalay Bay Events Center,"10,313"
186,UFC 136: Edgar vs. Maynard III,2011-10-08,USA,"Houston, Texas",Toyota Center,"16,164"
185,UFC Live: Cruz vs. Johnson,2011-10-01,USA,"Washington, D.C.",Verizon Center,"9,380"
184,UFC 135: Jones vs. Rampage,2011-09-24,USA,"Denver, Colorado",Pepsi Center,"16,344"
183,UFC Fight Night: Shields vs. Ellenberger,2011-09-17,USA,"New Orleans, Louisiana",Ernest N. Morial Convention Center,"7,112"
182,UFC 134: Silva vs. Okami,2011-08-27,Brazil,Rio de Janeiro,HSBC Arena,"14,000"
181,UFC Live: Hardy vs. Lytle,2011-08-14,USA,"Milwaukee, Wisconsin",Bradley Center,"6,751"
180,UFC 133: Evans vs. Ortiz,2011-08-06,USA,"Philadelphia, Pennsylvania",Wells Fargo Center,"11,583"
179,UFC 132: Cruz vs. Faber,2011-07-02,USA,"Las Vegas, Nevada",MGM Grand Garden Arena,"13,109"
178,UFC Live: Kongo vs. Barry,2011-06-26,USA,"Pittsburgh, Pennsylvania",Consol Energy Center,"7,792"
177,UFC 131: dos Santos vs. Carwin,2011-06-11,Canada,"Vancouver, British Columbia",Rogers Arena,"14,685"
176,The Ultimate Fighter: Team Lesnar vs. Team dos Santos Finale,2011-06-04,USA,"Las Vegas, Nevada",Palms Casino Resort,"2,053"
175,UFC 130: Rampage vs. Hamill,2011-05-28,USA,"Las Vegas, Nevada",MGM Grand Garden Arena,"12,753"
174,UFC 129: St-Pierre vs. Shields,2011-04-30,Canada,"Toronto, Ontario",Rogers Centre,"55,724"
173,UFC Fight Night: Nogueira vs. Davis,2011-03-26,USA,"Seattle, Washington",KeyArena,"13,741"
172,UFC 128: Shogun vs. Jones,2011-03-19,USA,"Newark, New Jersey",Prudential Center,"12,619"
171,UFC Live: Sanchez vs. Kampmann,2011-03-03,USA,"Louisville, Kentucky",KFC Yum! Center,"8,319"
170,UFC 127: Penn vs. Fitch,2011-02-27,Australia,Sydney,Acer Arena,"18,186"
169,UFC 126: Silva vs. Belfort,2011-02-05,USA,"Las Vegas, Nevada",Mandalay Bay Events Center,"10,893"
168,UFC: Fight for the Troops 2,2011-01-22,USA,"Fort Hood, Texas",Fort Hood,"3,200"
167,UFC 125: Resolution,2011-01-01,USA,"Las Vegas, Nevada",MGM Grand Garden Arena,"12,874"
166,UFC 124: St-Pierre vs. Koscheck 2,2010-12-11,Canada,"Montreal, Quebec",Bell Centre,"23,152"
165,The Ultimate Fighter: Team GSP vs. Team Koscheck Finale,2010-12-04,USA,"Las Vegas, Nevada",Palms Casino Resort,"1,903"
164,UFC 123: Rampage vs. Machida,2010-11-20,USA,"Auburn Hills, Michigan",The Palace of Auburn Hills,"16,404"
163,UFC 122: Marquardt vs. Okami,2010-11-13,Germany,Oberhausen,König Pilsener Arena,"8,421"
162,UFC 121: Lesnar vs. Velasquez,2010-10-23,USA,"Anaheim, California",Honda Center,"14,856"
161,UFC 120: Bisping vs. Akiyama,2010-10-16,England,London,The O2 arena,"17,133"
160,UFC 119: Mir vs. Cro Cop,2010-09-25,USA,"Indianapolis, Indiana",Conseco Fieldhouse,"15,811"
159,UFC Fight Night: Marquardt vs. Palhares,2010-09-15,USA,"Austin, Texas",Frank Erwin Center,"7,724"
158,UFC 118: Edgar vs. Penn 2,2010-08-28,USA,"Boston, Massachusetts",TD Garden,"14,168"
157,UFC 117: Silva vs. Sonnen,2010-08-07,USA,"Oakland, California",Oracle Arena,"12,971"
156,UFC Live: Jones vs. Matyushenko,2010-08-01,USA,"San Diego, California",San Diego Sports Arena,"8,132"
155,UFC 116: Lesnar vs. Carwin,2010-07-03,USA,"Las Vegas, Nevada",MGM Grand Garden Arena,"12,740"
154,The Ultimate Fighter: Team Liddell vs. Team Ortiz Finale,2010-06-19,USA,"Las Vegas, Nevada",Palms Casino Resort,"1,708"
153,UFC 115: Liddell vs. Franklin,2010-06-12,Canada,"Vancouver, British Columbia",General Motors Place,"17,669"
152,UFC 114: Rampage vs. Evans,2010-05-29,USA,"Las Vegas, Nevada",MGM Grand Garden Arena,"14,996"
151,UFC 113: Machida vs. Shogun 2,2010-05-08,Canada,"Montreal, Quebec",Bell Centre,"17,647"
150,UFC 112: Invincible,2010-04-10,United Arab Emirates,Abu Dhabi,"Concert Arena, Yas Island","11,008"
149,UFC Fight Night: Florian vs. Gomi,2010-03-31,USA,"Charlotte, North Carolina",Bojangles Coliseum,"7,700"
148,UFC 111: St-Pierre vs. Hardy,2010-03-27,USA,"Newark, New Jersey",Prudential Center,"17,000"
147,UFC Live: Vera vs. Jones,2010-03-21,USA,"Broomfield, Colorado",1stBank Center,"6,443"
146,UFC 110: Nogueira vs. Velasquez,2010-02-21,Australia,Sydney,Acer Arena,"17,831"
145,UFC 109: Relentless,2010-02-06,USA,"Las Vegas, Nevada",Mandalay Bay Events Center,"10,753"
144,UFC Fight Night: Maynard vs. Diaz,2010-01-11,USA,"Fairfax, Virginia",Patriot Center,"8,078"
143,UFC 108: Evans vs. Silva,2010-01-02,USA,"Las Vegas, Nevada",MGM Grand Garden Arena,"13,529"
142,UFC 107: Penn vs. Sanchez,2009-12-12,USA,"Memphis, Tennessee",FedExForum,"13,896"
141,The Ultimate Fighter: Heavyweights Finale,2009-12-05,USA,"Las Vegas, Nevada",Palms Casino Resort,"1,791"
140,UFC 106: Ortiz vs. Griffin 2,2009-11-21,USA,"Las Vegas, Nevada",Mandalay Bay Events Center,"10,529"
139,UFC 105: Couture vs. Vera,2009-11-14,England,Manchester,Manchester Evening News Arena,"16,693"
138,UFC 104: Machida vs. Shogun,2009-10-24,USA,"Los Angeles, California",Staples Center,"14,892"
137,UFC 103: Franklin vs. Belfort,2009-09-19,USA,"Dallas, Texas",American Airlines Center,"17,428"
136,UFC Fight Night: Diaz vs. Guillard,2009-09-16,USA,"Oklahoma City, Oklahoma",Cox Convention Center,"9,490"
135,UFC 102: Couture vs. Nogueira,2009-08-29,USA,"Portland, Oregon",Rose Garden,"16,088"
134,UFC 101: Declaration,2009-08-08,USA,"Philadelphia, Pennsylvania",Wachovia Center,"17,411"
133,UFC 100,2009-07-11,USA,"Las Vegas, Nevada",Mandalay Bay Events Center,"10,871"
132,The Ultimate Fighter: United States vs. United Kingdom Finale,2009-06-20,USA,"Las Vegas, Nevada",Palms Casino Resort,"2,217"
131,UFC 99: The Comeback,2009-06-13,Germany,Cologne,Lanxess Arena,"12,854"
130,UFC 98: Evans vs. Machida,2009-05-23,USA,"Las Vegas, Nevada",MGM Grand Garden Arena,"12,606"
129,UFC 97: Redemption,2009-04-18,Canada,"Montreal, Quebec",Bell Centre,"21,451"
128,UFC Fight Night: Condit vs. Kampmann,2009-04-01,USA,"Nashville, Tennessee",Sommet Center,"10,267"
127,UFC 96: Jackson vs. Jardine,2009-03-07,USA,"Columbus, Ohio",Nationwide Arena,"17,033"
126,UFC 95: Sanchez vs. Stevenson,2009-02-21,England,London,The O2 arena,"13,268"
125,UFC Fight Night: Lauzon vs. Stephens,2009-02-07,USA,"Tampa, Florida",USF Sun Dome,"7,596"
124,UFC 94: St-Pierre vs. Penn 2,2009-01-31,USA,"Las Vegas, Nevada",MGM Grand Garden Arena,"14,885"
123,UFC 93: Franklin vs. Henderson,2009-01-17,Ireland (ROI),Dublin,The O2,"9,369"
122,UFC 92: The Ultimate 2008,2008-12-27,USA,"Las Vegas, Nevada",MGM Grand Garden Arena,"14,166"
121,The Ultimate Fighter: Team Nogueira vs. Team Mir Finale,2008-12-13,USA,"Las Vegas, Nevada",Palms Casino Resort,"1,853"
120,UFC: Fight for the Troops,2008-12-10,USA,"Fayetteville, North Carolina",Crown Coliseum,"8,500"
119,UFC 91: Couture vs. Lesnar,2008-11-15,USA,"Las Vegas, Nevada",MGM Grand Garden Arena,"14,272"
118,UFC 90: Silva vs. Côté,2008-10-25,USA,"Rosemont, Illinois",Allstate Arena,"15,359"
117,UFC 89: Bisping vs. Leben,2008-10-18,England,Birmingham,National Indoor Arena,"9,515"
116,UFC Fight Night: Diaz vs. Neer,2008-09-17,USA,"Omaha, Nebraska",Omaha Civic Auditorium,"9,103"
115,UFC 88: Breakthrough,2008-09-06,USA,"Atlanta, Georgia",Philips Arena,"14,736"
114,UFC 87: Seek and Destroy,2008-08-09,USA,"Minneapolis, Minnesota",Target Center,"15,087"
113,UFC Fight Night: Silva vs. Irvin,2008-07-19,USA,"Las Vegas, Nevada",Palms Casino Resort,"2,071"
112,UFC 86: Jackson vs. Griffin,2008-07-05,USA,"Las Vegas, Nevada",Mandalay Bay Events Center,"10,990"
111,The Ultimate Fighter: Team Rampage vs. Team Forrest Finale,2008-06-21,USA,"Las Vegas, Nevada",Palms Casino Resort,"1,853"
110,UFC 85: Bedlam,2008-06-07,England,London,The O2 arena,"15,327"
109,UFC 84: Ill Will,2008-05-24,USA,"Las Vegas, Nevada",MGM Grand Garden Arena,"14,773"
108,UFC 83: Serra vs. St-Pierre 2,2008-04-19,Canada,"Montreal, Quebec",Bell Centre,"21,390"
107,UFC Fight Night: Florian vs. Lauzon,2008-04-02,USA,"Broomfield, Colorado",Broomfield Event Center,"6,742"
106,UFC 82: Pride of a Champion,2008-03-01,USA,"Columbus, Ohio",Nationwide Arena,"16,431"
105,UFC 81: Breaking Point,2008-02-02,USA,"Las Vegas, Nevada",Mandalay Bay Events Center,"10,583"
104,UFC Fight Night: Swick vs. Burkman,2008-01-23,USA,"Las Vegas, Nevada",Palms Casino Resort,"1,900"
103,UFC 80: Rapid Fire,2008-01-19,England,Newcastle upon Tyne,Metro Radio Arena,"8,412"
102,UFC 79: Nemesis,2007-12-29,USA,"Las Vegas, Nevada",Mandalay Bay Events Center,"11,075"
101,The Ultimate Fighter: Team Hughes vs. Team Serra Finale,2007-12-08,USA,"Las Vegas, Nevada",Palms Casino Resort,N/A
100,UFC 78: Validation,2007-11-17,USA,"Newark, New Jersey",Prudential Center,"14,071"
99,UFC 77: Hostile Territory,2007-10-20,USA,"Cincinnati, Ohio",U.S. Bank Arena,"16,054"
98,UFC 76: Knockout,2007-09-22,USA,"Anaheim, California",Honda Center,"13,770"
97,UFC Fight Night: Thomas vs. Florian,2007-09-19,USA,"Las Vegas, Nevada",Palms Casino Resort,N/A
96,UFC 75: Champion vs. Champion,2007-09-08,England,London,The O2 arena,"16,235"
95,UFC 74: Respect,2007-08-25,USA,"Las Vegas, Nevada",Mandalay Bay Events Center,"11,065"
94,UFC 73: Stacked,2007-07-07,USA,"Sacramento, California",ARCO Arena,"13,183"
93,The Ultimate Fighter: Team Pulver vs. Team Penn Finale,2007-06-23,USA,"Las Vegas, Nevada",Palms Casino Resort,N/A
92,UFC 72: Victory,2007-06-16,Northern Ireland,Belfast,The Odyssey,"7,850"
91,UFC Fight Night: Stout vs. Fisher,2007-06-12,USA,"Hollywood, Florida",Seminole Hard Rock Hotel and Casino,N/A
90,UFC 71: Liddell vs. Jackson,2007-05-26,USA,"Las Vegas, Nevada",MGM Grand Garden Arena,"14,728"
89,UFC 70: Nations Collide,2007-04-21,England,Manchester,Manchester Evening News Arena,"15,114"
88,UFC 69: Shootout,2007-04-07,USA,"Houston, Texas",Toyota Center,"15,269"
87,UFC Fight Night: Stevenson vs. Guillard,2007-04-05,USA,"Las Vegas, Nevada",Palms Casino Resort,"1,734"
86,UFC 68: The Uprising,2007-03-03,USA,"Columbus, Ohio",Nationwide Arena,"19,079"
85,UFC 67: All or Nothing,2007-02-03,USA,"Las Vegas, Nevada",Mandalay Bay Events Center,"10,787"
84,UFC Fight Night: Evans vs. Salmon,2007-01-25,USA,"Hollywood, Florida",Seminole Hard Rock Hotel and Casino,"5,287"
83,UFC 66: Liddell vs. Ortiz,2006-12-30,USA,"Las Vegas, Nevada",MGM Grand Garden Arena,"13,671"
82,UFC Fight Night: Sanchez vs. Riggs,2006-12-13,USA,"San Diego, California",Marine Corps Air Station Miramar,"3,000"
81,UFC 65: Bad Intentions,2006-11-18,USA,"Sacramento, California",ARCO Arena,"14,666"
80,The Ultimate Fighter: The Comeback Finale,2006-11-11,USA,"Las Vegas, Nevada",Hard Rock Hotel and Casino,"1,000"
79,UFC 64: Unstoppable,2006-10-14,USA,"Las Vegas, Nevada",Mandalay Bay Events Center,"10,173"
78,UFC Fight Night 6.5,2006-10-10,USA,"Hollywood, Florida",Seminole Hard Rock Hotel and Casino,"3,510"
77,UFC 63: Hughes vs. Penn,2006-09-23,USA,"Anaheim, California",Arrowhead Pond of Anaheim,"12,604"
76,UFC 62: Liddell vs. Sobral,2006-08-26,USA,"Las Vegas, Nevada",Mandalay Bay Events Center,"10,503"
75,UFC Fight Night 6,2006-08-17,USA,"Summerlin, Nevada",Red Rock Resort Spa and Casino,"1,412"
74,UFC 61: Bitter Rivals,2006-07-08,USA,"Las Vegas, Nevada",Mandalay Bay Events Center,"11,167"
73,UFC Ultimate Fight Night 5,2006-06-28,USA,"Las Vegas, Nevada",Hard Rock Hotel and Casino,606
72,The Ultimate Fighter: Team Ortiz vs. Team Shamrock Finale,2006-06-24,USA,"Las Vegas, Nevada",Hard Rock Hotel and Casino,849
71,UFC 60: Hughes vs. Gracie,2006-05-27,USA,"Los Angeles, California",Staples Center,"14,765"
70,UFC 59: Reality Check,2006-04-15,USA,"Anaheim, California",Arrowhead Pond of Anaheim,"13,814"
69,UFC Ultimate Fight Night 4,2006-04-06,USA,"Las Vegas, Nevada",Hard Rock Hotel and Casino,843
68,UFC 58: USA vs. Canada,2006-03-04,USA,"Las Vegas, Nevada",Mandalay Bay Events Center,"9,569"
67,UFC 57: Liddell vs. Couture 3,2006-02-04,USA,"Las Vegas, Nevada",Mandalay Bay Events Center,"10,659"
66,UFC Ultimate Fight Night 3,2006-01-16,USA,"Las Vegas, Nevada",Hard Rock Hotel and Casino,"1,008"
65,UFC 56: Full Force,2005-11-19,USA,"Las Vegas, Nevada",MGM Grand Garden Arena,"12,000"
64,The Ultimate Fighter: Team Hughes vs. Team Franklin Finale,2005-11-05,USA,"Las Vegas, Nevada",Hard Rock Hotel and Casino,N/A
63,UFC 55: Fury,2005-10-07,USA,"Uncasville, Connecticut",Mohegan Sun Arena,"8,000"
62,UFC Ultimate Fight Night 2,2005-10-03,USA,"Las Vegas, Nevada",Hard Rock Hotel and Casino,N/A
61,UFC 54: Boiling Point,2005-08-20,USA,"Las Vegas, Nevada",MGM Grand Garden Arena,"13,520"
60,UFC Ultimate Fight Night,2005-08-06,USA,"Las Vegas, Nevada",Cox Pavilion,N/A
59,UFC 53: Heavy Hitters,2005-06-04,USA,"Atlantic City, New Jersey",Boardwalk Hall,"12,000"
58,UFC 52: Couture vs. Liddell,2005-04-16,USA,"Las Vegas, Nevada",MGM Grand Garden Arena,"14,562"
57,The Ultimate Fighter: Team Couture vs. Team Liddell Finale,2005-04-09,USA,"Las Vegas, Nevada",Cox Pavilion,N/A
56,UFC 51: Super Saturday,2005-02-05,USA,"Las Vegas, Nevada",Mandalay Bay Events Center,"11,072"
55,UFC 50: The War of '04,2004-10-22,USA,"Atlantic City, New Jersey",Boardwalk Hall,"9,000"
54,UFC 49: Unfinished Business,2004-08-21,USA,"Las Vegas, Nevada",MGM Grand Garden Arena,"12,100"
53,UFC 48: Payback,2004-06-19,USA,"Las Vegas, Nevada",Mandalay Bay Events Center,"10,000"
52,UFC 47: It's On!,2004-04-02,USA,"Las Vegas, Nevada",Mandalay Bay Events Center,"11,437"
51,UFC 46: Supernatural,2004-01-31,USA,"Las Vegas, Nevada",Mandalay Bay Events Center,"10,700"
50,UFC 45: Revolution,2003-11-21,USA,"Uncasville, Connecticut",Mohegan Sun Arena,"9,200"
49,UFC 44: Undisputed,2003-09-26,USA,"Las Vegas, Nevada",Mandalay Bay Events Center,"10,400"
48,UFC 43: Meltdown,2003-06-06,USA,"Las Vegas, Nevada",Thomas & Mack Center,"9,800"
47,UFC 42: Sudden Impact,2003-04-25,USA,"Miami, Florida",AmericanAirlines Arena,"7,500"
46,UFC 41: Onslaught,2003-02-28,USA,"Atlantic City, New Jersey",Boardwalk Hall,"11,707"
45,UFC 40: Vendetta,2002-11-22,USA,"Las Vegas, Nevada",MGM Grand Garden Arena,"13,770"
44,UFC 39: The Warriors Return,2002-09-27,USA,"Uncasville, Connecticut",Mohegan Sun Arena,"7,800"
43,UFC 38: Brawl at the Hall,2002-07-13,England,London,Royal Albert Hall,"5,000"
42,UFC 37.5: As Real As It Gets,2002-06-22,USA,"Las Vegas, Nevada",Bellagio,"3,700"
41,UFC 37: High Impact,2002-05-10,USA,"Bossier City, Louisiana",CenturyTel Center,"7,200"
40,UFC 36: Worlds Collide,2002-03-22,USA,"Las Vegas, Nevada",MGM Grand Garden Arena,"10,000"
39,UFC 35: Throwdown,2002-01-11,USA,"Uncasville, Connecticut",Mohegan Sun Arena,"9,600"
38,UFC 34: High Voltage,2001-11-02,USA,"Las Vegas, Nevada",MGM Grand Garden Arena,"9,000"
37,UFC 33: Victory in Vegas,2001-09-28,USA,"Las Vegas, Nevada",Mandalay Bay Events Center,"9,500"
36,UFC 32: Showdown in the Meadowlands,2001-06-29,USA,"East Rutherford, New Jersey",Continental Airlines Arena,"12,500"
35,UFC 31: Locked and Loaded,2001-05-04,USA,"Atlantic City, New Jersey",Trump Taj Mahal,N/A
34,UFC 30: Battle on the Boardwalk,2001-02-23,USA,"Atlantic City, New Jersey",Trump Taj Mahal,"3,000"
33,UFC 29: Defense of the Belts,2000-12-16,Japan,Tokyo,Differ Ariake Arena,"1,414"
32,UFC 28: High Stakes,2000-11-17,USA,"Atlantic City, New Jersey",Trump Taj Mahal,N/A
31,UFC 27: Ultimate Bad Boyz,2000-09-22,USA,"New Orleans, Louisiana",Lakefront Arena,N/A
30,UFC 26: Ultimate Field of Dreams,2000-06-09,USA,"Cedar Rapids, Iowa",Five Seasons Events Center,"1,100"
29,UFC 25: Ultimate Japan 3,2000-04-14,Japan,Tokyo,Yoyogi National Gymnasium,N/A
28,UFC 24: First Defense,2000-03-10,USA,"Lake Charles, Louisiana",Lake Charles Civic Center,N/A
27,UFC 23: Ultimate Japan 2,1999-11-19,Japan,Chiba,Tokyo Bay NK Hall,N/A
26,UFC 22: Only One Can be Champion,1999-09-24,USA,"Lake Charles, Louisiana",Lake Charles Civic Center,N/A
25,UFC 21: Return of the Champions,1999-07-16,USA,"Cedar Rapids, Iowa",Five Seasons Events Center,N/A
24,UFC 20: Battle for the Gold,1999-05-07,USA,"Birmingham, Alabama",Boutwell Memorial Auditorium,N/A
23,UFC 19: Ultimate Young Guns,1999-03-05,USA,"Bay St. Louis, Mississippi",Casino Magic Bay St. Louis,N/A
22,UFC 18: The Road to the Heavyweight Title,1999-01-08,USA,"New Orleans, Louisiana",Pontchartrain Center,N/A
21,UFC Brazil: Ultimate Brazil,1998-10-16,Brazil,São Paulo,Ginásio da Portuguesa,N/A
20,UFC 17: Redemption,1998-05-15,USA,"Mobile, Alabama",Mobile Civic Center,N/A
19,UFC 16: Battle in the Bayou,1998-03-13,USA,"New Orleans, Louisiana",Pontchartrain Center,"4,600"
18,UFC Japan: Ultimate Japan,1997-12-21,Japan,Yokohama,Yokohama Arena,"5,000"
17,UFC 15: Collision Course,1997-10-17,USA,"Bay St. Louis, Mississippi",Casino Magic Bay St. Louis,N/A
16,UFC 14: Showdown,1997-07-27,USA,"Birmingham, Alabama",Boutwell Memorial Auditorium,"5,000"
15,UFC 13: The Ultimate Force,1997-05-30,USA,"Augusta, Georgia",Augusta Civic Center,"5,100"
14,UFC 12: Judgement Day,1997-02-07,USA,"Dothan, Alabama",Dothan Civic Center,"3,100"
13,UFC: The Ultimate Ultimate 2,1996-12-07,USA,"Birmingham, Alabama",Fair Park Arena,"6,000"
12,UFC 11: The Proving Ground,1996-09-20,USA,"Augusta, Georgia",Augusta Civic Center,"4,500"
11,UFC 10: The Tournament,1996-07-12,USA,"Birmingham, Alabama",Fair Park Arena,"4,300"
10,UFC 9: Motor City Madness,1996-05-17,USA,"Detroit, Michigan",Cobo Arena,"10,000"
9,UFC 8: David vs. Goliath,1996-02-16,Puerto Rico,San Juan,Coliseo Rubén Rodríguez,"13,000"
8,UFC: The Ultimate Ultimate,1995-12-16,USA,"Denver, Colorado",Mammoth Gardens,"2,800"
7,UFC 7: The Brawl in Buffalo,1995-09-08,USA,"Buffalo, New York",Buffalo Memorial Auditorium,"9,000"
6,UFC 6: Clash of the Titans,1995-07-14,USA,"Casper, Wyoming",Casper Events Center,"2,700"
5,UFC 5: The Return of the Beast,1995-04-07,USA,"Charlotte, North Carolina",Independence Arena,"6,000"
4,UFC 4: Revenge of the Warriors,1994-12-16,USA,"Tulsa, Oklahoma",Expo Square Pavilion,"5,857"
3,UFC 3: The American Dream,1994-09-09,USA,"Charlotte, North Carolina",Grady Cole Center,N/A
2,UFC 2: No Way Out,1994-03-11,USA,"Denver, Colorado",Mammoth Gardens,"2,000"
1,UFC 1: The Beginning,1993-11-12,USA,"Denver, Colorado",McNichols Sports Arena,"7,800"
